{
  "format_version": "1.16.100",
  "minecraft:fog_settings": {
      "description": {
        "identifier": "vocktilesfog:custom_fog_extreme_hills"
      },
      "distance": {
      "air": {
		"fog_start": 0,
		"fog_end": 0.9,
		"fog_color": "#99a9c0",
		"render_distance_type": "render"
	  },
      "water": {
        "fog_start": 0,
        "fog_end": 96,
        "fog_color": "#0030a8",
        "render_distance_type": "fixed"
	  },
	  "weather": {
		"fog_start": 0,
		"fog_end": 96,
		"fog_color": "#99a9c0",
		"render_distance_type": "fixed"
      }
    }
  }
}