{
  "format_version": "1.16.100",
  "minecraft:fog_settings": {
      "description": {
        "identifier": "vocktilesfog:custom_fog_default"
      },
      "distance": {
      "air": {
        "fog_start": 0,
        "fog_end": 0.9,
        "fog_color": "#96deff",
        "render_distance_type": "render"
      },
      "water": {
        "fog_start": 0,
        "fog_end": 96,
        "fog_color": "#44AFF5",
        "render_distance_type": "fixed"
      },
      "weather": {
        "fog_start": 0,
        "fog_end": 225,
        "fog_color": "#96deff",
        "render_distance_type": "fixed"
      },
      "lava": {
        "fog_start": 0,
        "fog_end": 8,
        "fog_color": "#992400",
        "render_distance_type": "fixed"
      },
      "lava_resistance": {
        "fog_start": 0,
        "fog_end": 16,
        "fog_color": "#992400",
        "render_distance_type": "fixed"
      }
    }
  }
}